{"IcoMoonType":"selection","icons":[{"icon":{"paths":["M133.833 76.5v331.25h331.25v-149.333h278.167v64h62.167v379.167h-62.167v64h-278.167v-149.333h-331.25v331.25h331.25v-142.083h278.167v56.75h160.583v-160.583h-58.583v-379.167h58.583v-160.583h-160.583v56.75h-278.167v-142.083h-331.25zM219.167 161.833h160.583v160.583h-160.583v-160.583zM219.167 701.583h160.583v160.583h-160.583v-160.583z"],"attrs":[{}],"isMulticolor":false,"isMulticolor2":false,"grid":0,"tags":["attached"]},"attrs":[{}],"properties":{"order":158,"id":3,"name":"attached","prevSize":32,"code":59649},"setIdx":0,"setId":6,"iconIdx":0},{"icon":{"paths":["M133.833 616.25v331.25h331.25v-142.083h278.167v56.75h160.583v-160.583h-160.583v64h-278.167v-149.333h-331.25zM219.167 701.583h160.583v160.583h-160.583v-160.583z","M133.833 76.5v331.25h331.25v-149.333h278.167v64h160.583v-160.583h-160.583v56.75h-278.167v-142.083h-331.25zM219.167 161.833h160.583v160.583h-160.583v-160.583z","M815.667 474.167l-176.917 166.167 40.25 37.833 313.667-294.5-40.333-37.833z"],"attrs":[{},{},{}],"isMulticolor":false,"isMulticolor2":false,"grid":0,"tags":["detached2"]},"attrs":[{},{},{}],"properties":{"order":159,"id":1,"name":"detached","prevSize":32,"code":59650},"setIdx":0,"setId":6,"iconIdx":2},{"icon":{"paths":["M695.364 652.827l-129.35-129.35 129.35-129.35-50.391-50.391-129.35 129.35-129.35-129.35-50.391 50.391 129.35 129.35-129.35 129.35 50.391 50.391 129.35-129.35 129.35 129.35zM515.623 165.714c198.205 0 357.79 159.585 357.79 357.79s-159.585 357.79-357.79 357.79c-198.205 0-357.79-159.585-357.79-357.79s159.585-357.79 357.79-357.79z"],"attrs":[{}],"isMulticolor":false,"isMulticolor2":false,"grid":0,"tags":["status-terminated"]},"attrs":[{}],"properties":{"order":131,"id":0,"name":"status-terminated","prevSize":32,"code":59648},"setIdx":0,"setId":6,"iconIdx":3},{"icon":{"paths":["M512 854c188 0 342-154 342-342 0-78-26-152-72-210l-480 480c58 46 132 72 210 72zM170 512c0 78 26 152 72 210l480-480c-58-46-132-72-210-72-188 0-342 154-342 342zM512 86c236 0 426 190 426 426s-190 426-426 426-426-190-426-426 190-426 426-426z"],"attrs":[],"isMulticolor":false,"isMulticolor2":false,"tags":["block"],"defaultCode":57675,"grid":24},"attrs":[],"properties":{"ligatures":"block","id":77,"order":79,"prevSize":32,"code":57675,"name":"terminate"},"setIdx":1,"setId":5,"iconIdx":77},{"icon":{"paths":["M810 274l-238 238 238 238-60 60-238-238-238 238-60-60 238-238-238-238 60-60 238 238 238-238z"],"attrs":[],"isMulticolor":false,"isMulticolor2":false,"tags":["close"],"defaultCode":58829,"grid":24},"attrs":[],"properties":{"ligatures":"clear, close","id":157,"order":78,"prevSize":32,"code":58829,"name":"remove"},"setIdx":1,"setId":5,"iconIdx":157},{"icon":{"paths":["M640 384v-86h-256v428h256v-86h-170v-86h170v-84h-170v-86h170zM810 128c46 0 86 40 86 86v596c0 46-40 86-86 86h-596c-46 0-86-40-86-86v-596c0-46 40-86 86-86h596z"],"attrs":[],"isMulticolor":false,"isMulticolor2":false,"tags":["explicit"],"defaultCode":57374,"grid":24},"attrs":[],"properties":{"ligatures":"explicit","id":257,"order":81,"prevSize":32,"code":57374,"name":"stderr"},"setIdx":1,"setId":5,"iconIdx":257},{"icon":{"paths":["M170 512c0-188 154-342 342-342s342 154 342 342-154 342-342 342-342-154-342-342z"],"attrs":[],"isMulticolor":false,"isMulticolor2":false,"tags":["fiber_manual_record"],"defaultCode":57441,"grid":24},"attrs":[],"properties":{"ligatures":"fiber_manual_record","id":275,"order":80,"prevSize":32,"code":57441,"name":"status-running"},"setIdx":1,"setId":5,"iconIdx":275},{"icon":{"paths":["M598 214h212v212h-84v-128h-128v-84zM726 726v-128h84v212h-212v-84h128zM214 426v-212h212v84h-128v128h-84zM298 598v128h128v84h-212v-212h84z"],"attrs":[],"isMulticolor":false,"isMulticolor2":false,"tags":["fullscreen"],"defaultCode":58832,"grid":24},"attrs":[],"properties":{"ligatures":"fullscreen","id":349,"order":113,"prevSize":32,"code":58832,"name":"fullscreen"},"setIdx":1,"setId":5,"iconIdx":349},{"icon":{"paths":["M682 342h128v84h-212v-212h84v128zM598 810v-212h212v84h-128v128h-84zM342 342v-128h84v212h-212v-84h128zM214 682v-84h212v212h-84v-128h-128z"],"attrs":[],"isMulticolor":false,"isMulticolor2":false,"tags":["fullscreen_exit"],"defaultCode":58833,"grid":24},"attrs":[],"properties":{"ligatures":"fullscreen_exit","id":350,"order":114,"prevSize":32,"code":58833,"name":"fullscreen-exit"},"setIdx":1,"setId":5,"iconIdx":350},{"icon":{"paths":["M554 598v-172h-84v172h84zM554 768v-86h-84v86h84zM42 896l470-810 470 810h-940z"],"attrs":[],"isMulticolor":false,"isMulticolor2":false,"tags":["warning"],"defaultCode":57346,"grid":24},"attrs":[],"properties":{"ligatures":"report_problem, warning","id":632,"order":76,"prevSize":32,"code":57346,"name":"warning"},"setIdx":1,"setId":5,"iconIdx":632},{"icon":{"paths":["M298 598c46 0 86-40 86-86s-40-86-86-86-84 40-84 86 38 86 84 86zM540 426h442v172h-86v170h-170v-170h-186c-34 100-130 170-242 170-142 0-256-114-256-256s114-256 256-256c112 0 208 70 242 170z"],"attrs":[],"isMulticolor":false,"isMulticolor2":false,"tags":["vpn_key"],"defaultCode":57562,"grid":24},"attrs":[],"properties":{"ligatures":"vpn_key","id":821,"order":77,"prevSize":32,"code":57562,"name":"secure-input"},"setIdx":1,"setId":5,"iconIdx":821}],"height":1024,"metadata":{"name":"run_process"},"preferences":{"showGlyphs":true,"showQuickUse":true,"showQuickUse2":true,"showSVGs":true,"fontPref":{"prefix":"ext-run-process-icon--","metadata":{"fontFamily":"run_process","majorVersion":1,"minorVersion":0},"metrics":{"emSize":1024,"baseline":6.25,"whitespace":50},"embed":false,"showSelector":false,"showMetrics":false,"showMetadata":false,"showVersion":false},"imagePref":{"prefix":"icon-","png":true,"useClassSelector":true,"color":0,"bgColor":16777215,"classSelector":".icon","height":32,"columns":16,"margin":16,"name":"icomoon"},"historySize":50,"showCodes":true,"gridSize":16,"showLiga":false}}